{"eps":[0.001, 0.01, 0.03578947, 0.06157895, 0.08736842, 0.11315789,
       0.13894737, 0.16473684, 0.19052632, 0.21631579, 0.24210526,
       0.26789474, 0.29368421, 0.31947368, 0.34526316, 0.37105263,
       0.39684211, 0.42263158, 0.44842105, 0.47421053, 0.5, 0.6,0.7,0.9],
"min_samples":[5, 100, 1000, 2000, 3000, 4000, 5000]}
